id,first_name,last_name,email,password
1,Tomlin,Hardage,thardage0@chronoengine.com,lE50Tm63
2,Shea,Bergeon,sbergeon1@liveinternet.ru,j5KTPP2z
3,Matilde,Jendrusch,mjendrusch2@ftc.gov,9J5pKR6
4,Hillyer,Machans,hmachans3@fda.gov,NXHF8K
5,Cassaundra,Michiel,cmichiel4@vimeo.com,EIvy2EUtD0
6,Barnett,Wyley,bwyley5@nymag.com,ENbvMLPNG8
7,Alfie,Wetherhead,awetherhead6@zimbio.com,EmoT1JxZ17P8
8,Stanton,Puncher,spuncher7@exblog.jp,P8j391Dc
9,Mel,Ruckert,mruckert8@mediafire.com,KGzGuqw
10,Yulma,Throssell,ythrossell9@wisc.edu,38LLRz
11,Edmon,Dayne,edaynea@eventbrite.com,U7XaaUbiI6pt
12,Danny,Sweet,dsweetb@eepurl.com,6vILi2E9j
13,Duky,Zavattari,dzavattaric@java.com,T3fYCBWG
14,Aurea,Kent,akentd@tinyurl.com,JpoSQShDjS5
15,Conney,Ticehurst,cticehurste@free.fr,nyBc38im5kr
16,Clotilda,Dunlea,cdunleaf@163.com,fAyCYjSY2DO
17,Kandace,Curnokk,kcurnokkg@businessinsider.com,2CcgEzL6
18,Matelda,Taysbil,mtaysbilh@zimbio.com,FNjPoKFBZGX
19,Vania,Inglesant,vinglesanti@sakura.ne.jp,hbnMmUA
20,Lon,Raggitt,lraggittj@washington.edu,85pWyR05hjCn
21,Dennet,Nesey,dneseyk@umich.edu,T0KFKFG9
22,Sancho,Flecknoe,sflecknoel@shareasale.com,XY744C0Uu
23,Ranique,Mowen,rmowenm@ifeng.com,xnGQgWVxU
24,Barry,Szimon,bszimonn@tmall.com,QVnHlJI9Tut
25,Chickie,Ody,codyo@theglobeandmail.com,WNpSIP
26,Carlin,Meedendorpe,cmeedendorpep@google.com,WpS78balmH
27,Xymenes,Kynan,xkynanq@addthis.com,DcLvHzgf
28,Imelda,De Gowe,idegower@sfgate.com,XJvzwIFVP6rG
29,Anstice,Hirtz,ahirtzs@timesonline.co.uk,WGbFcs
30,Dalenna,Mathew,dmathewt@google.it,oCUgFaz3i5U
31,Ludvig,Constantine,lconstantineu@columbia.edu,nORa73a
32,Jaimie,Scourfield,jscourfieldv@jugem.jp,o8faSU
33,Floris,Ogdahl,fogdahlw@symantec.com,REEewJP0
34,Barrie,Cordier,bcordierx@cbc.ca,y5SM0f
35,Tiebold,Chadney,tchadneyy@gizmodo.com,IvYYPBNKnyf
36,Katalin,Lepere,kleperez@issuu.com,wY5TfNj83tD
37,Sidney,Sandom,ssandom10@sun.com,oKnlHbNQD
38,Trixie,Izen,tizen11@csmonitor.com,1KF7x3gz6
39,Queenie,Daughtrey,qdaughtrey12@virginia.edu,bfdUI8
40,Timmy,Feilden,tfeilden13@geocities.com,2nn9P9rWaFK
41,Calley,Leppo,cleppo14@weebly.com,V3ugUL
42,Dorotea,Trowel,dtrowel15@wufoo.com,ZhGGkTxv6l
43,Sib,Windebank,swindebank16@patch.com,6Ay0mTMmqu2e
44,Gaelan,Bakey,gbakey17@berkeley.edu,0vdsgEB
45,Nisse,Boness,nboness18@nationalgeographic.com,0SAl2eKqm
46,Kamillah,Redbourn,kredbourn19@weebly.com,h5vnve
47,Anette,Musicka,amusicka1a@bandcamp.com,MTuEpzKEuM
48,Granthem,Mapples,gmapples1b@bing.com,TmWO3A4
49,Ursa,Rouchy,urouchy1c@google.com.br,YB2MFmbIpJP9
50,Damita,Goldstein,dgoldstein1d@yahoo.co.jp,RhK23Q5
51,Whitman,Floris,wfloris1e@altervista.org,m8IMto
52,Ciro,Clearie,cclearie1f@washingtonpost.com,c59qhQ
53,Mortimer,Prall,mprall1g@hugedomains.com,5r5syrSf
54,Alene,Janks,ajanks1h@cbsnews.com,ti2bHbZ
55,Lucho,McGarva,lmcgarva1i@tripadvisor.com,BjPyxrOslwwa
56,Wenda,Gunstone,wgunstone1j@discovery.com,Yw0TdJ62ctJ
57,Mireille,Goldhawk,mgoldhawk1k@com.com,T7JDpE
58,Marja,Sowray,msowray1l@topsy.com,Ov4MMf
59,Kellby,Gobert,kgobert1m@google.com.br,5lS2uSYmRj7
60,Frances,Ponder,fponder1n@bloomberg.com,UY1aPI1d51s
61,Simonne,Horlock,shorlock1o@liveinternet.ru,d2qHl9T
62,Rodd,Peirazzi,rpeirazzi1p@timesonline.co.uk,1i2rX6Yr1
63,Yuma,Seeking,yseeking1q@is.gd,qVPQ9kL7JAT
64,Chuck,Rapley,crapley1r@disqus.com,brPssHa
65,Gabbi,Burgis,gburgis1s@wiley.com,DELdT0BYp3bx
66,Sherline,Sandyfirth,ssandyfirth1t@123-reg.co.uk,ymQULvAxA
67,Patrica,Tomley,ptomley1u@mozilla.org,VFbE16V
68,Agnese,Bronot,abronot1v@wikimedia.org,PBp4t9
69,Kermit,Rentoul,krentoul1w@chronoengine.com,p5IjMGY
70,Pepillo,Bateman,pbateman1x@gnu.org,K6RAZ7oT
71,Franky,Radford,fradford1y@nymag.com,rxHEUccA
72,Calypso,Myderscough,cmyderscough1z@drupal.org,JHcbH4WQ
73,Colly,Burnyeat,cburnyeat20@woothemes.com,JRUUH3hL1Xa
74,Emanuel,Justice,ejustice21@digg.com,H4BHcP7z
75,Neala,Messenbird,nmessenbird22@alibaba.com,cULJFesHJYnv
76,Kahaleel,Pinkstone,kpinkstone23@paypal.com,cPtYND
77,Willdon,Gluyus,wgluyus24@unc.edu,k4VgWb9c9
78,Ossie,Croshaw,ocroshaw25@marriott.com,BWeK6Y9Q
79,Carolyn,Siggens,csiggens26@baidu.com,YuPGwkAGZPO
80,Josiah,Landes,jlandes27@vinaora.com,I5cMUK5CK6QY
81,Chris,Sheasby,csheasby28@guardian.co.uk,MnxhXoyCKA
82,Ronica,O'Kane,rokane29@unesco.org,8Ym8p4M
83,Biddy,Arnold,barnold2a@shareasale.com,bCZsH1DSy
84,Phillipe,Grzegorek,pgrzegorek2b@usatoday.com,L0nIab6
85,Leigh,Label,llabel2c@over-blog.com,c2cXS0W3V8
86,Merrill,Feldheim,mfeldheim2d@symantec.com,weFToAv94xv
87,Eberto,Dresche,edresche2e@360.cn,c8vT54UrzT
88,Cal,Bratchell,cbratchell2f@fastcompany.com,wz1pBRaR9FDC
89,Ashly,Formigli,aformigli2g@privacy.gov.au,GHqfv52i4CiL
90,Panchito,Stilldale,pstilldale2h@zimbio.com,FXJ6PK
91,Carlo,Le Grand,clegrand2i@ning.com,Kbk7280Sa0G
92,Lukas,Ackhurst,lackhurst2j@hhs.gov,AsgODKVufD
93,Roderick,Greatex,rgreatex2k@usnews.com,xZYK2BgnGr2
94,Goldarina,Downie,gdownie2l@amazon.com,v9kUHMCha3
95,Cymbre,Nussgen,cnussgen2m@ucoz.ru,OlqIBv4jbGg
96,Netty,Marklow,nmarklow2n@alexa.com,Hy4T5S9IR0L2
97,Yankee,Simanek,ysimanek2o@amazon.com,WUBqlwi8
98,Dodie,Stollenberg,dstollenberg2p@umich.edu,UU6P5e
99,Rad,Langston,rlangston2q@google.fr,1QPxBfgz
100,Myrna,Walisiak,mwalisiak2r@t-online.de,8V7Sf6FJiW
101,Staford,Hebson,shebson2s@uol.com.br,kvs3SRpKDtT
102,Rania,Wanklyn,rwanklyn2t@google.ca,aj6JGJuKYVw
103,Pattie,Iannuzzi,piannuzzi2u@devhub.com,BzbvAifsy
104,Rita,Rickis,rrickis2v@economist.com,yCOJdJuyhNUa
105,Waly,Banbury,wbanbury2w@bloomberg.com,cOxC0WDt
106,Kelila,Chastney,kchastney2x@360.cn,mhTOtfJE
107,Wendi,Decourcy,wdecourcy2y@furl.net,6jUsgG
108,Sophie,Jursch,sjursch2z@sitemeter.com,CfJ8nOoWGtvu
109,Burton,Lansdale,blansdale30@people.com.cn,SoCNtJSQH6
110,Timmy,Clutheram,tclutheram31@ca.gov,A1zzEO0M7S
111,Mercedes,Birdwhistell,mbirdwhistell32@delicious.com,Nd9qMIfb
112,Orella,Tuckley,otuckley33@delicious.com,gEG5O9OvG
113,Ave,Filppetti,afilppetti34@loc.gov,et9ELu8w4a
114,Ferris,Pattlel,fpattlel35@whitehouse.gov,L9UQwg6
115,Golda,Andreu,gandreu36@wiley.com,slY3RGA31sc
116,Tedie,Humble,thumble37@illinois.edu,nQFRJURF
117,Carmita,Sebrens,csebrens38@usgs.gov,AvUkeF6nYct
118,Rorie,Bastide,rbastide39@jiathis.com,PkwTUwF
119,Roxine,Thew,rthew3a@ning.com,LDwsXUjvjVa
120,Keefe,Marte,kmarte3b@xing.com,XAA2vfXba9
121,Rosalie,Phillipps,rphillipps3c@csmonitor.com,RfWLeNlME
122,Philomena,Dumbell,pdumbell3d@ed.gov,SYq31E9
123,Elwin,Coopper,ecoopper3e@networkadvertising.org,mmlCLrrZY
124,Sander,Drepp,sdrepp3f@barnesandnoble.com,VfgRIYESkfC
125,Lorain,Venes,lvenes3g@google.fr,hd0V4T1
126,Nev,Champkin,nchampkin3h@wikia.com,A6o3XdP4k
127,Clement,Potteril,cpotteril3i@chronoengine.com,9akr44vt
128,Klarrisa,Quilligan,kquilligan3j@psu.edu,w3acCveMC1fg
129,Glynis,O'Feeney,gofeeney3k@mapy.cz,klH7VpR
130,Paulette,Ellesworthe,pellesworthe3l@canalblog.com,J6kNM7YMtEU
131,Guilbert,Shire,gshire3m@icio.us,vXxF4rEGF
132,Neda,Parminter,nparminter3n@cbc.ca,HqcA1C
133,Sharai,Ciccarelli,sciccarelli3o@sakura.ne.jp,KJnLoUtpKZ
134,Wilmar,O'Loughnan,woloughnan3p@networksolutions.com,1sI3K0FeM
135,Anabella,Secret,asecret3q@go.com,l3cvb9wuP
136,Basile,Lutwyche,blutwyche3r@state.tx.us,yqzy5mMbb
137,Ibrahim,Dundon,idundon3s@google.co.uk,JffA1NfRa
138,Teirtza,Devo,tdevo3t@china.com.cn,bZtD4e
139,Mickie,Bleasdale,mbleasdale3u@etsy.com,pW2lwLJ
140,Rinaldo,Clawson,rclawson3v@1688.com,ji2YdzzTI1k
141,Dolly,Bockler,dbockler3w@tripadvisor.com,waYnYZGvl9n
142,Isobel,Exell,iexell3x@gov.uk,kaMpB4n
143,Dalli,Testin,dtestin3y@chron.com,dHOoBvgzm
144,Ninnetta,Brittin,nbrittin3z@youtu.be,06ZxtJRF
145,Alisun,MacVagh,amacvagh40@ustream.tv,PFgmhmTYA
146,Beale,Gritskov,bgritskov41@quantcast.com,5hXOHeju8T4
147,Kat,Esilmon,kesilmon42@edublogs.org,2lciEp
148,Brandyn,Marioneau,bmarioneau43@wikia.com,JtLASj3tz
149,Goober,Jays,gjays44@sourceforge.net,yCgq9bpeCaHG
150,Raymond,Scoullar,rscoullar45@howstuffworks.com,Es3WNtBw2ydT
151,Nicky,Guare,nguare46@github.com,JoBdnjA
152,Moshe,Fawcett,mfawcett47@mashable.com,KmkPVSA
153,Alyse,Wandrach,awandrach48@nationalgeographic.com,zFz1TrSi
154,Tasia,Rumney,trumney49@mysql.com,asLQgPjF
155,Stillman,Corhard,scorhard4a@elegantthemes.com,QAYcfzyNg4Jq
156,Deni,Kielty,dkielty4b@imdb.com,yLS0ySpO
157,Friedrick,Briztman,fbriztman4c@cnet.com,ZplOHy
158,Katee,Marrett,kmarrett4d@whitehouse.gov,yxcpzSKlj
159,Lorne,Wingar,lwingar4e@wix.com,Wp3XH1p
160,Lexi,Slogrove,lslogrove4f@berkeley.edu,3aWzlNRAn
161,Stesha,Basant,sbasant4g@amazonaws.com,xjtzCMhAd5
162,Mike,Fivey,mfivey4h@cornell.edu,dqkvAcOSLo
163,Faun,Betke,fbetke4i@slideshare.net,vVB3slDKW1n8
164,Omar,Burdon,oburdon4j@vimeo.com,8MKl8DIzanQ0
165,Wilie,Loan,wloan4k@1688.com,ktLKg3FWYYVC
166,Ichabod,Stote,istote4l@ask.com,eIovdfgM
167,Rayner,Moger,rmoger4m@loc.gov,xx1GAA
168,Sharity,Bryning,sbryning4n@sciencedaily.com,4UtPDOr
169,Daffi,Darthe,ddarthe4o@forbes.com,8HKTdZzP
170,Nada,Minards,nminards4p@bloglines.com,beO4BwSVEz
171,Rutledge,Coode,rcoode4q@nydailynews.com,uLPuBfIbtI
172,Martguerita,Cucinotta,mcucinotta4r@netscape.com,t5F98B48lW
173,Marylinda,Ilchenko,milchenko4s@thetimes.co.uk,R4xS6qz2Ix
174,Verla,Hoy,vhoy4t@answers.com,v3UTYTjX
175,Artur,Petraitis,apetraitis4u@yahoo.co.jp,EMoDFjQ4d
176,Kare,Vesque,kvesque4v@slashdot.org,MGHkhH
177,Osborne,Palfreyman,opalfreyman4w@opera.com,AaFsCXuh3
178,Templeton,Dulin,tdulin4x@apache.org,BGCjME9H6j
179,Noam,Woodcraft,nwoodcraft4y@t-online.de,CwoNGMl3KH
180,Julee,Gonsalvez,jgonsalvez4z@tumblr.com,rND56m3viZ
181,Antoinette,Maevela,amaevela50@rambler.ru,yEuelEHd
182,Olag,Putnam,oputnam51@clickbank.net,Vx5elaWAl
183,Kerianne,Sprowell,ksprowell52@webeden.co.uk,EsTOvfp
184,Barbara,Staddom,bstaddom53@deliciousdays.com,EssBbx
185,Mikel,Airth,mairth54@google.co.uk,Ujx3U63ThaC
186,West,Vanshin,wvanshin55@tiny.cc,sRP7lwRpuTV
187,Jarret,Dewdney,jdewdney56@studiopress.com,5CFp4AxF
188,Hall,Matashkin,hmatashkin57@google.com,kf9fXf
189,Kelcie,Billett,kbillett58@nasa.gov,LC3znM9K
190,Josias,Edmonston,jedmonston59@google.it,dzEZF0OW
191,Christophe,MacKay,cmackay5a@netvibes.com,IG58du3RJ
192,Rheta,Filpo,rfilpo5b@illinois.edu,GLL4l35dVs
193,Gavrielle,Beecheno,gbeecheno5c@arizona.edu,beW9UJa
194,Agretha,Asher,aasher5d@gov.uk,IPMJeEnoR5EF
195,Bartholemy,Kliche,bkliche5e@imgur.com,Hzk5olL9
196,Olivero,MacKain,omackain5f@google.ru,EUby0uKIQ
197,Kristien,Cleghorn,kcleghorn5g@chronoengine.com,dP5GDHN
198,Beret,Robroe,brobroe5h@cocolog-nifty.com,Sv2y2O
199,Royal,Dumphry,rdumphry5i@ustream.tv,dJVt3eMl
200,Trudie,Frobisher,tfrobisher5j@ezinearticles.com,mu91vx
201,Cathryn,Carruthers,ccarruthers5k@xrea.com,zhtaNT6oNvE
202,Ninette,Shewring,nshewring5l@a8.net,0FOi2sH3BWS
203,Reinaldos,Barden,rbarden5m@pinterest.com,KQ4lOV
204,Alberik,McCreagh,amccreagh5n@furl.net,OX1b3hy9TeR
205,Skipper,Le Jean,slejean5o@etsy.com,mosQvIzuawVx
206,Madelle,McRill,mmcrill5p@domainmarket.com,5dh9Jyi7eZ
207,Earle,Whitland,ewhitland5q@archive.org,n7iVuJA
208,Isidor,Gartrell,igartrell5r@ucoz.com,cui942
209,Glynn,Baynham,gbaynham5s@dailymotion.com,NBe00Ls1gZu
210,Marijn,Starr,mstarr5t@constantcontact.com,4klvMHAR7
211,Micky,Pettecrew,mpettecrew5u@mit.edu,3fepicUbgyr
212,Josefina,Kofax,jkofax5v@quantcast.com,PHNbzht5IBLh
213,Gene,Rishman,grishman5w@yahoo.co.jp,pFNTpvQbH2sX
214,Gran,Bareham,gbareham5x@163.com,pBUtPaDM
215,Ellary,Plewman,eplewman5y@instagram.com,Br5uhWQD5X6X
216,Corbet,Stennine,cstennine5z@princeton.edu,QNscwz3
217,Frankie,Spellard,fspellard60@biblegateway.com,kYkAcV
218,Gerrard,Cockcroft,gcockcroft61@123-reg.co.uk,2EemNZL9
219,Lonnie,Benito,lbenito62@barnesandnoble.com,v6LVP2
220,Nigel,Stoll,nstoll63@xing.com,TlduRa1
221,Rooney,Hancill,rhancill64@craigslist.org,Snykjw2GtAm
222,Dallas,Lambin,dlambin65@tumblr.com,BGpA30CtRe
223,Jeanna,Stroton,jstroton66@tuttocitta.it,2uRPapE5y
224,Justina,Blasius,jblasius67@imageshack.us,cM2EmAfQ
225,Connie,Binks,cbinks68@cocolog-nifty.com,nGzvRsrCCryF
226,Hyacintha,Thursfield,hthursfield69@dedecms.com,BZuFYj2
227,Betteann,Nelson,bnelson6a@army.mil,mPdeqYCB4hQ
228,Elias,Yeoland,eyeoland6b@technorati.com,rlm9cc
229,Drucie,Frie,dfrie6c@state.tx.us,tOoWEDMVhuqy
230,Elvera,Wysome,ewysome6d@apple.com,WXcBAZY
231,Woodrow,Sundin,wsundin6e@amazon.co.jp,3hSaL5HfIfU
232,Trudy,Jaquin,tjaquin6f@wisc.edu,rcHGL7L
233,Oliver,Llewellyn,ollewellyn6g@latimes.com,5o4WBW
234,Mariquilla,O'Gormley,mogormley6h@netvibes.com,JryZZp2x
235,Lucky,Limbrick,llimbrick6i@cafepress.com,W9r5AriN
236,Morgan,Sommerling,msommerling6j@cafepress.com,1QmeX2AHH
237,Kikelia,Comrie,kcomrie6k@blogspot.com,0a2sDfJ
238,Kirstyn,Gildroy,kgildroy6l@bloglovin.com,ZvrlkBRhjw1
239,Cole,O'Shirine,coshirine6m@fema.gov,Taj3m9pwTBoy
240,Petronella,Vakhrushin,pvakhrushin6n@vinaora.com,WvQSsKAeudQ
241,Carena,McLaughlan,cmclaughlan6o@usa.gov,6WdRc1D4ZnrV
242,Jeannie,Scotchmer,jscotchmer6p@cargocollective.com,gLk1k3m
243,Murielle,McKeever,mmckeever6q@youku.com,44GdYyDQGpjX
244,Norby,Verson,nverson6r@wiley.com,PHkgxCLVX
245,Any,Bourne,abourne6s@cam.ac.uk,SsqBEJbK
246,Alasteir,Frend,afrend6t@symantec.com,kvEkBuS
247,Arielle,Astridge,aastridge6u@i2i.jp,0RfguefXDX4
248,August,Cunradi,acunradi6v@ifeng.com,Ko8z5tY
249,Doria,Cokayne,dcokayne6w@moonfruit.com,JfBI88
250,Ingamar,McClenan,imcclenan6x@pinterest.com,dIiPK8H1dg7Z
251,Jodie,Zellmer,jzellmer6y@guardian.co.uk,CNc7dUIT
252,Neddie,Potbury,npotbury6z@discovery.com,paurt36RJOTM
253,Helena,Dallaghan,hdallaghan70@wunderground.com,hyt3AZ7
254,Wileen,Klimmek,wklimmek71@topsy.com,D4ROLb
255,Giavani,Hardiman,ghardiman72@tuttocitta.it,m90Ym4Nwp
256,Stafani,Tolmie,stolmie73@simplemachines.org,3HF6krc
257,Gavan,Eingerfield,geingerfield74@geocities.jp,lSg22kIeMa
258,Allys,Povele,apovele75@umich.edu,gRV8CzL7E0Q5
259,Wilfrid,Yosifov,wyosifov76@dedecms.com,DTmF64
260,Marlin,Leither,mleither77@google.ru,7l40V7XT
261,Bel,Kharchinski,bkharchinski78@amazon.de,t0N8Gn9UP1HI
262,Danny,Knappett,dknappett79@cbsnews.com,Dy5vgD7n3
263,Mercy,Kornalik,mkornalik7a@bloglines.com,268LDr461I
264,Margeaux,O'Calleran,mocalleran7b@webmd.com,bBTvDML
265,Gabriel,Insull,ginsull7c@hugedomains.com,kxLwVo
266,Matthus,De Bruyn,mdebruyn7d@omniture.com,nFINw7FVgvU2
267,Pauli,Heminsley,pheminsley7e@github.io,IE9E0lEdlo8
268,Nickolaus,Stockell,nstockell7f@java.com,Q0xy4BJ06
269,Ingelbert,Handy,ihandy7g@usatoday.com,TatvLUL
270,Mikey,Stockney,mstockney7h@irs.gov,lAc55maNdN
271,Sergio,Clulow,sclulow7i@creativecommons.org,QSr987BDDTr
272,Karrie,Teasdale-Markie,kteasdalemarkie7j@netlog.com,LWJCE1y5M
273,Hestia,Winterburn,hwinterburn7k@angelfire.com,244rotv
274,Delmor,Giacomelli,dgiacomelli7l@slashdot.org,LyPbZkCpFSI5
275,Troy,Scoggan,tscoggan7m@storify.com,YTd5aqkg7
276,Sybyl,Wheelton,swheelton7n@deviantart.com,UV0eV5Nh9H2
277,Clevey,Trevan,ctrevan7o@phpbb.com,RJDhthzIYp
278,Stephan,Yoodall,syoodall7p@github.io,ebODUOqGmCQI
279,Talbert,Goggan,tgoggan7q@blog.com,i2QJXB0vy
280,Crissy,Houlworth,choulworth7r@reference.com,zQRffd8dUNp
281,Rafaellle,Ruprich,rruprich7s@yahoo.co.jp,fsZ5LHT0azE
282,Britta,Dennett,bdennett7t@theguardian.com,NjISODq
283,Klara,McGarel,kmcgarel7u@gizmodo.com,K10n5xD0zkr
284,Anatol,Murty,amurty7v@gov.uk,9oMQny
285,Preston,Dicks,pdicks7w@networksolutions.com,I8keG6
286,Sissy,Boner,sboner7x@cnbc.com,ONXu6ac
287,Nisse,Heindrick,nheindrick7y@spiegel.de,d4b6Dn8r
288,Gweneth,Tortice,gtortice7z@cam.ac.uk,hTQqj9b5
289,Lenka,Clausen,lclausen80@mashable.com,jFDqzVQ53Y
290,Winonah,Bonnefin,wbonnefin81@cpanel.net,Z5MBYQEybA5R
291,Aguste,Hacksby,ahacksby82@ucoz.com,8lMxeg4
292,Karyl,MacAndreis,kmacandreis83@studiopress.com,rnG6C3V
293,Catherina,Varfolomeev,cvarfolomeev84@dot.gov,CJq1skxA
294,Candis,Antony,cantony85@mashable.com,v2OzDUqdb6
295,Aldin,Stonall,astonall86@foxnews.com,ouJ18H0JR
296,Quinlan,Dubbin,qdubbin87@hhs.gov,TzT4iTtZgR
297,Powell,Matejic,pmatejic88@tiny.cc,17ZcqkOlIstm
298,Phillis,Elcy,pelcy89@mail.ru,2I6Z2bXeNZX
299,Eliot,Baylie,ebaylie8a@goo.ne.jp,DQxuzET
300,Yorgos,Bartlam,ybartlam8b@baidu.com,ohC9TD0d
301,Jacquelynn,Treswell,jtreswell8c@meetup.com,F1MvkF
302,Reine,Niess,rniess8d@deviantart.com,3jbNiyIc
303,Ingrim,Iacoboni,iiacoboni8e@canalblog.com,FDRdAtwTqpF
304,Corette,Peaseman,cpeaseman8f@simplemachines.org,nr4kjyxW
305,Milly,Dawidowitz,mdawidowitz8g@gravatar.com,HT2JolAZG6ZY
306,Sherwynd,Joire,sjoire8h@ezinearticles.com,ZOLmqYI3
307,Tracy,Roos,troos8i@discuz.net,VVW2CiIH
308,Kristen,Guinn,kguinn8j@dmoz.org,CkVkytiFz
309,Berty,Falkinder,bfalkinder8k@ask.com,YPuiQTOGLu
310,Hollie,Orrah,horrah8l@nydailynews.com,8KT09O6
311,Jeramie,Beswell,jbeswell8m@weebly.com,oxI8ELJGYJM
312,Juana,Winspeare,jwinspeare8n@lulu.com,wTfyJi9sF9D
313,Sig,Jouanny,sjouanny8o@blogspot.com,lnQTMPjt
314,Maximilian,Farish,mfarish8p@scribd.com,4OxbpYKk3o
315,Belle,Forestel,bforestel8q@slate.com,AIB0EB7drEN
316,Raphael,Pike,rpike8r@thetimes.co.uk,dvE02Mz
317,Enrique,Dennistoun,edennistoun8s@ifeng.com,ohHRBtg16r
318,Nessy,Mion,nmion8t@youtube.com,NwYQSil4
319,Stacee,Sole,ssole8u@mail.ru,HHXRWM
320,Alena,Shervington,ashervington8v@indiegogo.com,yh8B1xaB69
321,Arluene,Thornthwaite,athornthwaite8w@nationalgeographic.com,OiYXsz1v1N8
322,Kele,Churm,kchurm8x@pinterest.com,o4xME6
323,Cathlene,Capehorn,ccapehorn8y@goodreads.com,Uj0I7Th68sC
324,Aridatha,Zupo,azupo8z@nasa.gov,vJpgrmu06
325,Madge,Farlam,mfarlam90@mozilla.com,mTbFy2ja
326,Dawn,Bartak,dbartak91@sciencedirect.com,vDl1QQ
327,Dianemarie,Tomsa,dtomsa92@joomla.org,ILkN8odrxYtx
328,Arabella,Kruschev,akruschev93@ted.com,20JLwE5lop5z
329,Alphard,Coltan,acoltan94@ehow.com,ycnbtlNyQop
330,Betti,Hankin,bhankin95@dmoz.org,AdnAIXwp
331,Kennith,Pammenter,kpammenter96@reverbnation.com,cAyc0xfcO7
332,Courtney,Greenham,cgreenham97@yandex.ru,v5Qw7QMM
333,Aubine,Wilmott,awilmott98@usa.gov,k69OWIW
334,Anders,Kroch,akroch99@latimes.com,aK4R21JKMb9c
335,Vinnie,Wilmington,vwilmington9a@amazonaws.com,l99FMp
336,Annabelle,Arrell,aarrell9b@phoca.cz,ta9xsQs
337,Nathalia,Zettoi,nzettoi9c@live.com,E5pOeGeDIp
338,Ikey,Baruch,ibaruch9d@princeton.edu,huttAXss1U7M
339,Betty,Gitsham,bgitsham9e@phoca.cz,6p6sNmPF5Ea
340,Reuven,Bromhead,rbromhead9f@shinystat.com,lLCcDUSK
341,Ignacius,Woodroffe,iwoodroffe9g@etsy.com,jFWLmY3p2
342,Pietra,Seedman,pseedman9h@virginia.edu,B5vmLCF7P
343,Barnard,Carey,bcarey9i@g.co,B4LIDVpWm3j
344,Evelin,Larrie,elarrie9j@sciencedirect.com,dwBpBnFV
345,Marybeth,Franzolini,mfranzolini9k@spotify.com,ZTtOfth
346,Fowler,Duffy,fduffy9l@dailymotion.com,owHJqU1
347,Ruthie,Thornbarrow,rthornbarrow9m@mapy.cz,fVkhck
348,Barbara,Fumagalli,bfumagalli9n@dagondesign.com,8dj9KjOY8
349,Alyss,Rooke,arooke9o@a8.net,YrgUWXUrKgQ
350,Iago,Coorington,icoorington9p@netvibes.com,cvoEFeAjL6p
351,Sandra,Doleman,sdoleman9q@storify.com,Zbu0fn2z3l
352,Othello,Paz,opaz9r@taobao.com,47U4c5
353,Leland,Tiuit,ltiuit9s@mozilla.com,Tw91zl
354,Kin,Popescu,kpopescu9t@4shared.com,ZR6MKee
355,Amalie,Fellini,afellini9u@nytimes.com,DsuVCgqC
356,Felizio,Tyler,ftyler9v@naver.com,o1GvjVQ
357,Conrade,Morville,cmorville9w@cbsnews.com,YUhzyg
358,Alexandrina,Walwood,awalwood9x@gmpg.org,rBr1rGuxOLr
359,Cassius,Torpie,ctorpie9y@scribd.com,4T8oMm6Ni
360,Mariya,Eim,meim9z@desdev.cn,TOopviHsAX
361,Skippy,Ellor,sellora0@multiply.com,oYKx32hAovY6
362,Annetta,Athridge,aathridgea1@telegraph.co.uk,D9Oh5Rl
363,Winifield,O'Cuddie,wocuddiea2@unc.edu,JEblX9
364,Kahaleel,Murname,kmurnamea3@google.ru,6FbOZGl
365,Mace,Trewinnard,mtrewinnarda4@acquirethisname.com,YTwjsVuzVHR
366,Dorthy,Suttling,dsuttlinga5@usnews.com,IGYIRxb4
367,Temple,Gudge,tgudgea6@bizjournals.com,LRTUHViqNp
368,Mordecai,Haddock,mhaddocka7@archive.org,GMaTAal
369,Karena,Mackilpatrick,kmackilpatricka8@bloglovin.com,hOxPq7MhjGIx
370,Zach,Kendrew,zkendrewa9@t-online.de,rN164pAG
371,Ellerey,Gomer,egomeraa@reuters.com,7UZ62Q5
372,Danica,Waddilove,dwaddiloveab@nih.gov,N0Wy2e
373,Alexia,Stigger,astiggerac@mapy.cz,Rrbat5G
374,Lynnelle,De Metz,ldemetzad@w3.org,HHmr6a
375,Pamelina,Butting,pbuttingae@360.cn,oQyTHtecXX
376,Alvinia,MacGill,amacgillaf@soup.io,lTzGUg8aiAE
377,Paolina,Noah,pnoahag@omniture.com,h9p0bDEXsIns
378,Trudi,Aloshkin,taloshkinah@jigsy.com,s3NOv3mr
379,Lesly,Champerlen,lchamperlenai@360.cn,dZ3XXchdyqdY
380,Antonie,Douthwaite,adouthwaiteaj@furl.net,aOLWKaxUKaa
381,Cross,Lamburn,clamburnak@yellowpages.com,EXx3UxP
382,Dilan,Slite,dsliteal@irs.gov,HhoMqGRIfHtt
383,Barbabra,Tyre,btyream@godaddy.com,HJm123dFoDan
384,Jordana,Dallmann,jdallmannan@ow.ly,ytrSZ05E
385,Karita,Ryce,kryceao@deliciousdays.com,SRGKShXZoDWC
386,Terrence,Capell,tcapellap@istockphoto.com,dKFbJexl
387,Hashim,Akerman,hakermanaq@trellian.com,uTrGCdBfJ
388,Renie,Aviss,ravissar@oakley.com,rneEfngTn
389,Buiron,Bengall,bbengallas@goo.gl,zLRdGLGVC1aO
390,Clement,Ahmad,cahmadat@bloglines.com,gBumaqybiw
391,Gisela,Ferrelli,gferrelliau@merriam-webster.com,o5xhBt5rxd
392,Barthel,Knutsen,bknutsenav@pen.io,LEsXv8T2hKxu
393,Birgit,Kynvin,bkynvinaw@macromedia.com,Uk8a7JCtU
394,Hattie,Glacken,hglackenax@ibm.com,jqKfdFlgv6Kd
395,Dyanne,Bignell,dbignellay@nytimes.com,mna3WjZNlzQN
396,Tabor,Valde,tvaldeaz@instagram.com,qnxCW91p
397,Elianora,Barnham,ebarnhamb0@nymag.com,vzo8qfJ
398,Humphrey,Allington,hallingtonb1@va.gov,4DKJzi8Aep9M
399,Esta,Bemlott,ebemlottb2@sohu.com,FFOqtieAoL
400,Barde,Grieve,bgrieveb3@blinklist.com,mtQ33Qx
401,Tamera,Meneely,tmeneelyb4@51.la,DqWI7Wh3Fb39
402,Fidelio,Jeenes,fjeenesb5@stanford.edu,Bd2sKTjk
403,Kathryn,Gloucester,kgloucesterb6@drupal.org,a3oKE5Hs
404,Langston,Mound,lmoundb7@yahoo.co.jp,tIJd92N4F5wJ
405,Berkie,Clempton,bclemptonb8@desdev.cn,kmTLealmY8
406,Ailee,Huccaby,ahuccabyb9@globo.com,5Hz1I9
407,Rici,Blench,rblenchba@ifeng.com,jby9LNRD7adb
408,Rey,Cornborough,rcornboroughbb@studiopress.com,QSk60nR
409,Magdalena,Welds,mweldsbc@stumbleupon.com,haSXC8
410,Florencia,Mar,fmarbd@kickstarter.com,f6oBODhqC
411,David,Quennell,dquennellbe@paypal.com,TtmJgaR
412,Norrie,Mosconi,nmosconibf@netlog.com,OHn3yZ
413,Helsa,Bowland,hbowlandbg@csmonitor.com,4D9elGrQZjk
414,Zorana,Grunwald,zgrunwaldbh@goodreads.com,nxIMzdYH03m
415,Karlens,Khalid,kkhalidbi@newyorker.com,93C3C8aw
416,Stearne,Chalk,schalkbj@cnet.com,GkVXoWWy
417,Roddy,Hodgon,rhodgonbk@china.com.cn,489wq6rK
418,Ignacius,Gonzalez,igonzalezbl@ucoz.ru,SLMPDtlF9AJ
419,Julie,Attridge,jattridgebm@macromedia.com,bx1Y2a0B6qX
420,Giffy,Lamputt,glamputtbn@privacy.gov.au,YIXJxa
421,Livvyy,Raymond,lraymondbo@samsung.com,FMiaFwkQc
422,Corilla,Havile,chavilebp@issuu.com,xyzn8GGOI9
423,Lyssa,Crinson,lcrinsonbq@webmd.com,CjHSxq
424,Gus,Marjoribanks,gmarjoribanksbr@senate.gov,iq4j4vCewI
425,Benedicta,Dowthwaite,bdowthwaitebs@altervista.org,Va3A3bKJyb
426,Maurise,Terren,mterrenbt@imgur.com,z08qhJ
427,Tudor,Johann,tjohannbu@unblog.fr,th0RbWFsG
428,Christoph,Puleque,cpulequebv@booking.com,RvQXh5Z
429,Tiertza,D'Hooge,tdhoogebw@ftc.gov,Wl1yC8
430,Othilie,Le Merchant,olemerchantbx@usgs.gov,u1GlanpmXzhY
431,Kim,Gayne,kgayneby@intel.com,seV1fZ
432,Analise,Clapson,aclapsonbz@ifeng.com,5wHuPkxXXp
433,Karissa,Hegg,kheggc0@quantcast.com,R9CSLfn
434,Isobel,Knee,ikneec1@topsy.com,UU3xv8faGut
435,Junia,Vasilischev,jvasilischevc2@springer.com,n3jfZYqPZe
436,Windham,Mersey,wmerseyc3@creativecommons.org,RHAJo1RL
437,Melisenda,Cripps,mcrippsc4@fastcompany.com,9w5gQlL1
438,Carree,Mazzei,cmazzeic5@google.com.br,ygRfaiz
439,Karole,McCaig,kmccaigc6@ameblo.jp,oaFE0JEZY
440,Osbert,Week,oweekc7@businesswire.com,Qkjl5r
441,Kelbee,Simmill,ksimmillc8@salon.com,sOESWfUAqW0
442,Lacee,Furbank,lfurbankc9@gravatar.com,cntBDsqJlqjc
443,Benjie,Armal,barmalca@ning.com,Ex2F7YuJ
444,Brnaby,Henstone,bhenstonecb@livejournal.com,JrwpnLt08R8
445,Britney,Ellesworth,bellesworthcc@webs.com,Dmqu0lvxG7Eg
446,Lorie,Haggish,lhaggishcd@weibo.com,jgVNWm
447,Kassia,Flintuff,kflintuffce@telegraph.co.uk,1gnknvUo
448,Elianora,Regelous,eregelouscf@xrea.com,tCXv3j
449,Griffie,Arkley,garkleycg@ox.ac.uk,xPjGfW
450,Garner,Morville,gmorvillech@jiathis.com,8SBQpxn8WRzd
451,Leonhard,Crawley,lcrawleyci@is.gd,wA8owwhF68z
452,Oralle,Zeale,ozealecj@geocities.com,Ha8pAfZdk
453,Trixy,Ridolfi,tridolfick@gov.uk,xe4KU5SR
454,Brade,Doge,bdogecl@statcounter.com,QcptIS6YuAI
455,Gloriana,Gosneye,ggosneyecm@thetimes.co.uk,qYbz1sAz
456,Boris,Geill,bgeillcn@hibu.com,Yu8x97
457,Dimitri,Bradtke,dbradtkeco@china.com.cn,StgiebnlnU2
458,Byrom,Lingley,blingleycp@nature.com,zhWARNQEGoG2
459,Frannie,O'Harney,foharneycq@yale.edu,1qZE70v
460,Arte,Wonham,awonhamcr@sfgate.com,56npcSaO0
461,Burch,Maidens,bmaidenscs@mail.ru,h4eHHIsNK
462,Johnny,Margrett,jmargrettct@java.com,S8v0qX
463,Gerianna,Mavin,gmavincu@economist.com,v2JWfMCZd
464,Lonee,Sealove,lsealovecv@yahoo.co.jp,X8noWj
465,Allin,Miskelly,amiskellycw@disqus.com,rdAZ5z
466,Jodi,Murty,jmurtycx@bbb.org,S4uWwIS
467,Gram,Rhymes,grhymescy@tiny.cc,DYGdYG9DvA
468,Barbaraanne,Collinwood,bcollinwoodcz@nps.gov,trxqyqCK
469,Gusella,Egdale,gegdaled0@examiner.com,JfhdQ0bM
470,Eveline,Temperley,etemperleyd1@stumbleupon.com,NDFQFvp1
471,Cristian,Brombell,cbrombelld2@github.io,nqAaa4tS1LH
472,Norbie,Lathwood,nlathwoodd3@xrea.com,3Teundm3
473,Vidovik,Beamson,vbeamsond4@skype.com,GjgCAr
474,Rudd,Siemianowicz,rsiemianowiczd5@miitbeian.gov.cn,WBtYGRW
475,Ermanno,Leftwich,eleftwichd6@wikispaces.com,KcbvIA
476,Loleta,Gale,lgaled7@tinyurl.com,kmygBO4R
477,Jerrylee,Godly,jgodlyd8@rediff.com,ScTVTX
478,Violet,Abbate,vabbated9@house.gov,gLWmEea
479,Staford,Coffey,scoffeyda@vk.com,f7mW6h
480,Lawry,Andrejevic,landrejevicdb@soundcloud.com,tUTbXsX
481,Gabrila,Cawte,gcawtedc@google.com,CNd45O
482,Glenda,Kobpa,gkobpadd@dion.ne.jp,tYWPHUS
483,Sibbie,Bazek,sbazekde@uol.com.br,0oC2v4
484,Jeremias,Hurdwell,jhurdwelldf@pcworld.com,rvkink2VZA
485,Octavia,Breheny,obrehenydg@bloglines.com,DIB0dCmPn
486,Tonie,Otham,tothamdh@bravesites.com,tlGKb1mH
487,Max,Spain,mspaindi@goo.gl,QvUvYyjnN6Q
488,Terrell,Gulliford,tgulliforddj@github.com,KDc2y3u77QN
489,Rab,Gravatt,rgravattdk@businessweek.com,t3t1FA0UKM
490,Kassandra,Antram,kantramdl@statcounter.com,UsgAxOqGb7zT
491,Gamaliel,Wintersgill,gwintersgilldm@europa.eu,fkeGKTsTM
492,Donny,Formoy,dformoydn@free.fr,zqRNRox1V
493,Melisent,Akker,makkerdo@about.com,IWkb5A5mot
494,Jaye,Petranek,jpetranekdp@apache.org,hofuUnexcC
495,Lorraine,Bainbridge,lbainbridgedq@adobe.com,6lR8v3m
496,Marwin,Rotge,mrotgedr@nationalgeographic.com,zWQlaJgG2aa
497,Torrin,Cranton,tcrantonds@xing.com,2Rxjw6ovJ
498,Lucina,Klaves,lklavesdt@independent.co.uk,dsaywv3
499,Ursola,Gosnell,ugosnelldu@scientificamerican.com,OZhOv4sxo
500,Garth,Styles,gstylesdv@geocities.jp,TDsmWq32
